ID,group,rrn,rrnstd,percentage,perstd,type
13,AAT,3.525230947,0.071483049,0,0,mice
14,ART,3.833669384,0.014588548,0.044613028,0.019571573,mice
15,CAT,4.201498941,0.311693359,0.043651975,0.02200763,mice
16,CRAT,3,0,0,0,mice
17,CRT,3.888696698,0.067034372,0.034038052,0.011144218,mice
18,MT,3.879037683,0.069478091,0.044814808,0.008736413,mice
