Group,Cultivated rrn,Uncultivated rrn
Soybean,6.279630649,3.517567376
Maize,5.841704253,3.066776212
Human,5.080532772,3.777555521
Mice,4.697790361,3.952160061
