ID,group,rrn,rrnstd,percentage,perstd,type
1,AAT,3.76692294,0.421513325,0.423557721,0.087815276,human
2,ART,3.776488076,0.170056627,0.231980876,0.05173771,human
3,CAT,4.491162103,0.397230935,0.108968336,0.047069206,human
4,CRAT,4.013180552,0.521007934,0.090876241,0.181752482,human
5,CRT,3.956493725,0.217761858,0.065450111,0.030608525,human
6,MT,3.990671096,0.185966734,0.002143751,0.000759884,human
