group,AAT,ART,CAT,CRAT,CRT,MT
Maize,0.027705554,0.00296856,0.137749607,0.020248213,0.447886347,0.363441719
