ID,group,rrn,rrnstd,percentage,perstd,type
7,AAT,10.65,0,1,0,maize
8,ART,3.302305212,0.610081473,0.167208556,0.046791469,maize
9,CAT,6.901829863,1.250852105,0.839788697,0.026621967,maize
10,CRAT,9.987581413,0.559136558,1,0,maize
11,CRT,3.960078813,0.427582429,0.389132156,0.040291719,maize
12,MT,3.705165546,0.304513508,0.459397516,0.023171484,maize
