group,AAT,ART,CAT,CRAT,CRT,MT
Soybean,0.065444561,0.003002377,0.205174607,0.04884886,0.364233085,0.313296509

